"La surface d'un carr√© initial est de [{D}*{D}] m¬≤. Quelle serait la longueur des c√¥t√©s d'un second carr√© si cette longueur √©tait de {E} m de moins que celle du carr√© initial ?","0:{D}-{E}","{A}:(1,10,1);{B}:(1,10,1);{C}:(1,10,1);{D}:(15,30,1);{E}:(2,14,1)","L‚Äôaire d‚Äôun carr√© est L x l. On dispose ici de son aire ( [{D}*{D}] m2 ). 
Il faut donc trouver la racine carr√© de [{D}*{D}] soit {D} puis retrancher {E} afin d‚Äôobtenir [{D}-{E}]","0;None:[{F}] m; [{F}+-{A}] m;[{F}+-{B}] m;[{F}+-{C}] m","{A}!={B}!={C}"
"La surface d'un carr√© initial est de [{D}*{D}] m¬≤. Quelle serait la longueur des c√¥t√©s d'un second carr√© si cette longueur √©tait de {E} m de plus que celle du carr√© initial ?","0:{D}+{E}","{A}:(1,10,1);{B}:(1,10,1);{C}:(1,10,1);{D}:(15,30,1);{E}:(2,14,1)","L‚Äôaire d‚Äôun carr√© est L x l. On dispose ici de son aire ( [{D}*{D}] m2 ). 
Il faut donc trouver la racine carr√© de [{D}*{D}] soit {D} puis ajouter {E} afin d‚Äôobtenir [{D}+{E}]","0;None:[{F}] m; [{F}+-{A}] m;[{F}+-{B}] m;[{F}+-{C}] m","{A}!={B}!={C}"
"Dans une usine de fabrication de voitures, l'usine A produit {E} voitures et l'usine B en produit {F} . Quel pourcentage repr√©sente la production de l'usine B par rapport √† celle de l'usine A ?","1:({F}/{E})*100","{A}:(3.0,20.0,1.0);{B}:(3.0,20.0,1.0);{C}:(3.0,20.0,1.0);{D}:(3.0,20.0,1.0);{E}:(2,99,1);{F}:(2,99,1)","Pourcentage = (Production de l'usine B / Production de l'usine A) √ó 100
Pourcentage = ({F} / {E}) √ó 100
Pourcentage = [{F}*{E}] √ó 100
Pourcentage = {G}%

La production de l'usine B repr√©sente donc {G} % de celle de l'usine A.","1;None:[{G}] %; [{G}+-{A}] %;[{G}+-{B}] %;[{G}+-{C}] %;[{G}+-{D}] %","{A}!={B}!={C}"
"üö® Christian a {E} ans de plus que Gilles. A eux deux, ils ont {F} ans.
Quel est l'√¢ge de Gilles ?","1:{F}-{E};{G}/2","{A}:(3.0,20.0,1.0);{B}:(3.0,20.0,1.0);{C}:(3.0,20.0,1.0);{D}:(3.0,20.0,1.0);{E}:(20,99,1);{F}:(70,120,1)","Soit l'√¢ge d'Eva = x  
L'√¢ge de Michel = x + {E}  
Ensemble, ils cumulent {F} ans :  

x + (x + {E}) = {F}  
2x + {E} = {F}  
2x = {F} - {E}  
2x = {G}  
x = {G} / 2  
x = {H}  

L'√¢ge d'Eva est donc {H} ans.","1;None:[{H}]; [{H}+-{A}];[{H}+-{B}];[{H}+-{C}];[{H}+-{D}]","{A}!={B}!={C}:{F}>{E}"
"{E} peintres peignent une surface de {F}m2 en {G} min. Combien de temps est n√©cessaire pour peindre {H}m2 avec {I} peintres ?","2:{F}/{E};{G}/{J};{K}/{I};{H}*{L}","{A}:(10,25,1);{B}:(10,25,1);{C}:(10,25,1);{D}:(10,25,1);{E}:(2,15,1);{F}:(4,10,1);{G}:(30,59,1);{H}:(11,30,1);{I}:(2,15,1)","1. Calcul de la capacit√© individuelle de peinture par minute :
   {E} peintres peignent {F} m¬≤ en {G} minutes donc 1 peintre peut peindre :
  {F} m¬≤ / {E} min = {J} m¬≤.
Donc, le temps n√©cessaire pour peindre 1 m¬≤ est donn√© par : {G} √∑ {J} m¬≤ = {K} min par peintre / m¬≤.

2. Calcul de la capacit√© de {I} peintres pour 1 m¬≤:
   {I} peintres = {K} / {I} = {L} min/m¬≤.

3. Temps n√©cessaire pour peindre {H} m¬≤ avec {I} peintres :
   Temps = Surface / Capacit√© collective
   Temps = {H} m¬≤ x {L} min/m¬≤ = {M} minutes.","0;None:[{M}] min; [{M}+-{A}] min;[{M}+-{B}] min;[{M}+-{C}] min;[{M}+-{D}] min","{A}!={B}!={C}:{E}>{I}"
"Quelle est la distance r√©elle de Bordeaux √† Paris, sachant qu'elle repr√©sente {A} cm sur une carte √† l'√©chelle 1/{B} ?","0:({A}*{B})/100000","{A}:(3,50,1);{B}:(50000,5000000,50000)","{A} cm sur la carte correspond en r√©elle √† {A} x {B} = [{A}*{B}] cm soit [{A}*{B}/100] m = [{A}*{B}/100000] km","2;None:[{C}] km;[{C}*/10] km;[{C}*/100] km;[{C}*/1000] km",""
"II y a {A} km de distance entre la ville A et la ville B. Quelle sera cette distance ( en cm ) sur une carte au 1/{B}e ?","4:({A}/{B})*100000","{A}:(3,50,1);{B}:(50000,5000000,50000)","{A} km en r√©elle correspond en r√©elle √† {A} / {B} = [{A}/{B}] km soit [{A}/{B}*1000] m = [{A}/{B}*100000] cm","3;None:[{C}] cm;[{C}*/10] cm;[{C}*/100] cm;[{C}*/1000] cm",""
"Une voiture roule √† {A} Km/heure. Quelle distance parcourt-elle en {B} heure et {C} minutes ?","1:{A}*({B}+{C}/60)","{A}:(30,240,10);{B}:(1,20,1);{C}:(0,54,6);{D}:(1,5,0.2);{E}:(5.2,10,0.2)","Distance parcouru = {A} km/h x [{B}+{C}/60] h = {F} km.","1;None:[{F}] km;[{F}+-{D}] km;[{F}+-{E}] km;[{F}+-({A}/10)] km","{D}!={E}"
"Pour former {D} recrues, un instructeur a besoin de {E} jours. Combien de jours lui faudra-t-il pour former {F} recrues, sachant qu'il est {G} % plus efficace avec des groupes plus importants ?","2:{F}*{E}/{D};{H}*((100-{G})/100)","{A}:(1,10,1);{B}:(1,10,1);{C}:(1,10,1);{D}:([10,15,20,25,30]);{E}:([5,10,15,20,25]);{F}:([40,50,60,70,80]);{G}:([10,20,30,40,50])","√âtape 1 : Jours pour {F} recrues sans efficacit√© :
({F} recrues x {E} jours) √∑ {D}  recrues = {H} jours.

√âtape 2 : R√©duction due √† l'efficacit√© :
{H} jours x [(100-{G})/100] = {I} jours","0;None:[{I}] jours;[{I}+-{A}] jours;[{I}+-{B}] jours;[{I}+-{B}] jours","{A}!={B}!={C}"
"üö® Arnaud compte les lapins et les canards de son √©levage personnel. Il d√©nombre au total [{D}+{E}] t√™tes et [{D}*2+{E}*4] pattes.
Combien a-t-il de lapins?","0:{E}","{A}:(1,10,1);{B}:(1,10,1);{C}:(1,10,1);{D}:(1,40,1);{E}:(1,40,1);{F}:(2,3,1)","Pour r√©soudre ce probl√®me, nous pouvons utiliser un syst√®me d'√©quations pour repr√©senter le nombre de canards (C) et de lapins (L) que le fermier poss√®de, en tenant compte du nombre total de t√™tes et de pattes.
Nous savons que le fermier a [{D}+{E}] t√™tes au total, ce qui signifie que C + L = [{D}+{E}] (√©quation 1, repr√©sentant le nombre total de t√™tes).

Nous savons √©galement que le fermier a [{D}*2+{E}*4] pattes au total, et chaque canard a 2 pattes et chaque lapin en a 4. Donc, 2C + 4L = [{D}*2+{E}*4] (√©quation 2, repr√©sentant le nombre total de pattes).

Maintenant, nous pouvons r√©soudre ce syst√®me d'√©quations. Tout d'abord, nous pouvons r√©organiser l'√©quation 1 pour obtenir C = [{D}+{E}] - L.

Ensuite, nous pouvons substituer cette expression dans l'√©quation 2 :
2([{D}+{E}] - L) + 4L = [{D}*2+{E}*4]

Maintenant, distribuons le 2 dans la premi√®re partie de l'√©quation :
[2*({D}+{E})] - 2L + 4L = [{D}*2+{E}*4]

Maintenant, combinons les termes similaires :
[2*({D}+{E})] + 2L = [{D}*2+{E}*4]

Soustrayez [2*({D}+{E})] des deux c√¥t√©s de l'√©quation :
2L = [{D}*2+{E}*4] - [2*({D}+{E})]
2L = [({D}*2+{E}*4) - (2*({D}+{E}))]

Divisez les deux c√¥t√©s par 2 pour r√©soudre pour C :
L = [({D}*2+{E}*4) - (2*({D}+{E}))] / 2
L = {E}

Le fermier a donc {E} lapins.","0;None:[{E}];[{E}+-{A}];[{E}+-{B}];[{E}+-{C}]","{A}!={B}!={C}"
"üö® Arnaud compte les lapins et les canards de son √©levage personnel. Il d√©nombre au total [{D}+{E}] t√™tes et [{D}*2+{E}*4] pattes.
Combien a-t-il de canards ?","0:{D}","{A}:(1,10,1);{B}:(1,10,1);{C}:(1,10,1);{D}:(1,40,1);{E}:(1,40,1);{F}:(2,3,1)","Pour r√©soudre ce probl√®me, nous pouvons utiliser un syst√®me d'√©quations pour repr√©senter le nombre de canard (C) et de lapins (L) que le fermier poss√®de, en tenant compte du nombre total de t√™tes et de pattes.
Nous savons que le fermier a [{D}+{E}] t√™tes au total, ce qui signifie que C + L = [{D}+{E}] (√©quation 1, repr√©sentant le nombre total de t√™tes).

Nous savons √©galement que le fermier a [{D}*2+{E}*4] pattes au total, et chaque poule a 2 pattes et chaque cheval en a 4. Donc, 2C + 4L = [{D}*2+{E}*4] (√©quation 2, repr√©sentant le nombre total de pattes).

Maintenant, nous pouvons r√©soudre ce syst√®me d'√©quations. Tout d'abord, nous pouvons r√©organiser l'√©quation 1 pour obtenir C = [{D}+{E}] - L.

Ensuite, nous pouvons substituer cette expression dans l'√©quation 2 :
2([{D}+{E}] - L) + 4L = [{D}*2+{E}*4]

Maintenant, distribuons le 2 dans la premi√®re partie de l'√©quation :
[2*({D}+{E})] - 2L + 4L = [{D}*2+{E}*4]

Maintenant, combinons les termes similaires :
[2*({D}+{E})] + 2L = [{D}*2+{E}*4]

Soustrayez [2*({D}+{E})] des deux c√¥t√©s de l'√©quation :
2L = [{D}*2+{E}*4] - [2*({D}+{E})]
2L = [({D}*2+{E}*4) - (2*({D}+{E}))]

Divisez les deux c√¥t√©s par 2 pour r√©soudre pour C :
L = [({D}*2+{E}*4) - (2*({D}+{E}))] / 2
C = {E}

Le fermier a donc {E} canards.","0;None:[{D}];[{D}+-{A}];[{D}+-{B}];[{D}+-{C}]","{A}!={B}!={C}"
"Un fermier a des poules et des chevaux. Il compte [{A}+{B}] t√™tes et [{A}*2+{B}*4] pattes. Combien a-t-il de chevaux?","0:{B}","{A}:(1,40,1);{B}:(1,40,1);{C}:(2,3,1)","Pour r√©soudre ce probl√®me, nous pouvons utiliser un syst√®me d'√©quations pour repr√©senter le nombre de poules (P) et de chevaux (C) que le fermier poss√®de, en tenant compte du nombre total de t√™tes et de pattes.
Nous savons que le fermier a [{A}+{B}] t√™tes au total, ce qui signifie que P + C = [{A}+{B}] (√©quation 1, repr√©sentant le nombre total de t√™tes).

Nous savons √©galement que le fermier a [{A}*2+{B}*4] pattes au total, et chaque poule a 2 pattes et chaque cheval en a 4. Donc, 2P + 4C = [{A}*2+{B}*4] (√©quation 2, repr√©sentant le nombre total de pattes).

Maintenant, nous pouvons r√©soudre ce syst√®me d'√©quations. Tout d'abord, nous pouvons r√©organiser l'√©quation 1 pour obtenir P = [{A}+{B}] - C.

Ensuite, nous pouvons substituer cette expression dans l'√©quation 2 :
2([{A}+{B}] - C) + 4C = [{A}*2+{B}*4]

Maintenant, distribuons le 2 dans la premi√®re partie de l'√©quation :
[2*({A}+{B})] - 2C + 4C = [{A}*2+{B}*4]

Maintenant, combinons les termes similaires :
[2*({A}+{B})] + 2C = [{A}*2+{B}*4]

Soustrayez [2*({A}+{B})] des deux c√¥t√©s de l'√©quation :
2C = [{A}*2+{B}*4] - [2*({A}+{B})]
2C = [({A}*2+{B}*4) - (2*({A}+{B}))]

Divisez les deux c√¥t√©s par 2 pour r√©soudre pour C :
C = [({A}*2+{B}*4) - (2*({A}+{B}))] / 2
C = {B}

Le fermier a donc {B} chevaux.","0;None:[{D}];[{D}+-1];[{D}+-{C}];[{D}+-4]",""
"Un fermier a des poules et des chevaux. Il compte [{A}+{B}] t√™tes et [{A}*2+{B}*4] pattes. Combien a-t-il de poules?","0:{A}","{A}:(1,40,1);{B}:(1,40,1);{C}:(2,3,1)","Pour r√©soudre ce probl√®me, nous pouvons utiliser un syst√®me d'√©quations pour repr√©senter le nombre de poules (P) et de lapins (C) que le fermier poss√®de, en tenant compte du nombre total de t√™tes et de pattes.
Nous savons que le fermier a [{A}+{B}] t√™tes au total, ce qui signifie que P + C = [{A}+{B}] (√©quation 1, repr√©sentant le nombre total de t√™tes).

Nous savons √©galement que le fermier a [{A}*2+{B}*4] pattes au total, et chaque poule a 2 pattes et chaque cheval en a 4. Donc, 2P + 4C = [{A}*2+{B}*4] (√©quation 2, repr√©sentant le nombre total de pattes).

Maintenant, nous pouvons r√©soudre ce syst√®me d'√©quations. Tout d'abord, nous pouvons r√©organiser l'√©quation 1 pour obtenir C = [{A}+{B}] - P.

Ensuite, nous pouvons substituer cette expression dans l'√©quation 2 :
2P + 4([{A}+{B}] - P) = [{A}*2+{B}*4]

Maintenant, distribuons le 2 dans la premi√®re partie de l'√©quation :
2P + [4*({A}+{B})] - 4P = [{A}*2+{B}*4]

Maintenant, combinons les termes similaires :
[4*({A}+{B})] - 2P = [{A}*2+{B}*4]

Soustrayez [2*({A}+{B})] des deux c√¥t√©s de l'√©quation :
2P = [4*({A}+{B}) - [{A}*2+{B}*4]]
2P = [(4*({A}+{B})) - ({A}*2+{B}*4)]

Divisez les deux c√¥t√©s par 2 pour r√©soudre pour C :
C = [({A}*2+{B}*4) - (2*({A}+{B}))] / 2
C = {A}

Le fermier a donc {A} poules.","0;None:[{D}]; [{D}+-1];[{D}+-{C}];[{D}+-4]",""
"Un transporteur a {A} bouts de bois dans son camion, il en d√©pose {B} chez A, puis {C} chez B, puis {D} chez C, et en r√©cup√®re {E} chez D, combien lui en reste-t-il √† la fin ?","0:{A}-{B}-{C}-{D}+{E}","{A}:(800,1000,1);{B}:(200,300,5);{C}:(100,300,3);{D}:(100,300,2);{E}:(200,500,1)","{A} - {B} - {C} - {D} + {E} = {F}","0;None:[{F}]; [{F}+-10];[{F}+-15];[{F}-{E}]",""
"Un marchand a du cafe de deux qualit√©s.
Quand il prend {D} Kg de la premi√®re qualit√© et {E} Kg de la seconde, le m√©lange vaut [{D}*{F}+{E}*{G}] ‚Ç¨.
Quand il prend {H} Kg de la premi√®re qualit√© et {I} Kg de la seconde, le m√©lange vaut [{H}*{F}+{I}*{G}] ‚Ç¨.

Quel est le prix de la premi√®re qualit√© ?","1:{D}*{F}+{E}*{G};{H}*{F}+{I}*{G};{E}*{H};{I}*({D}*{F}+{E}*{G});{I}*{D};{M}-{O};({H}*{F}+{I}*{G})*{E};{Q}-{N}","{A}:(2,10,1);{B}:(2,10,1);{C}:(2,10,1);{D}:(2,10,2);{E}:(2,14,2);{F}:(10,30,2);{G}:(10,30,2);{H}:(2,12,2);{I}:(2,12,2);{J}:(2,3,1)","Note : La r√©solution est donn√©e ici de mani√®re g√©n√©rique. √Ä vous de l'adapter par la suite si vous souhaitez trouver X ou Y.
On part du syst√®me :
(1) {D}x + {E}y = {K}
(2) {H}x + {I}y  = {L}

**√âtape 1 : Isoler y dans (1)**  
De (1) :  
{E}y = {K} ‚àí {D}x  
y = ({K} ‚àí {D}x) / {E}

**√âtape 2 : Substituer y dans (2)**  
Rempla√ßons y dans (2) par l'expression trouv√©e :  
{H}x + {I} * ( ({K} ‚àí {D}x) / {E} ) = {L}

**√âtape 3 : √âliminer le d√©nominateur**  
Multiplions l'√©quation par {E} pour se d√©barrasser du d√©nominateur :  
{E} * {H}x + {I} * ({K} ‚àí {D}x) = {L} * {E}  
{M}x + {I} * {K} ‚àí {I} * {D}x = {Q}

**√âtape 4 : Simplifier l'√©quation**  
Calculons {I} * {K} et {I} * {D}x :  
{I} * {K} = {N}  
{I} * {D}x = {O}x  

Maintenant, l'√©quation devient :  
{M}x + {N} ‚àí {O}x = {Q}  
({M}x ‚àí {O}x) + {N} = {Q}  
{P}x + {N} = {Q}

**√âtape 5 : Isoler x**  
Soustrayons {N} des deux c√¥t√©s :  
{P}x = {Q} ‚àí {N}  
{P}x = [{Q}-{N}]
x = {R} / {P}  

x = {F}
y = {G}","0;None:[{F}]; [{F}+-{A}];[{F}+-{B}];[{F}+-{C}]","{A}!={B}!={C}:{D}!={E}:{H}!={I}"
"Un marchand a du cafe de deux qualit√©s.
Quand il prend {D} Kg de la premi√®re qualit√© et {E} Kg de la seconde, le m√©lange vaut [{D}*{F}+{E}*{G}] ‚Ç¨.
Quand il prend {H} Kg de la premi√®re qualit√© et {I} Kg de la seconde, le m√©lange vaut [{H}*{F}+{I}*{G}] ‚Ç¨.

Quel est le prix de la deuxi√®me qualit√© ?","1:{D}*{F}+{E}*{G};{H}*{F}+{I}*{G};{E}*{H};{I}*({D}*{F}+{E}*{G});{I}*{D};{M}-{O};({H}*{F}+{I}*{G})*{E};{Q}-{N}","{A}:(2,10,1);{B}:(2,10,1);{C}:(2,10,1);{D}:(1,10,2);{E}:(1,14,2);{F}:(10,30,2);{G}:(10,30,2);{H}:(1,12,2);{I}:(1,12,2);{J}:(2,3,1)","Note : La r√©solution est donn√©e ici de mani√®re g√©n√©rique. √Ä vous de l'adapter par la suite si vous souhaitez trouver X ou Y.
On part du syst√®me :
(1) {D}x + {E}y = {K}
(2) {H}x + {I}y  = {L}

**√âtape 1 : Isoler y dans (1)**  
De (1) :  
{E}y = {K} ‚àí {D}x  
y = ({K} ‚àí {D}x) / {E}

**√âtape 2 : Substituer y dans (2)**  
Rempla√ßons y dans (2) par l'expression trouv√©e :  
{H}x + {I} * ( ({K} ‚àí {D}x) / {E} ) = {L}

**√âtape 3 : √âliminer le d√©nominateur**  
Multiplions l'√©quation par {E} pour se d√©barrasser du d√©nominateur :  
{E} * {H}x + {I} * ({K} ‚àí {D}x) = {L} * {E}  
{M}x + {I} * {K} ‚àí {I} * {D}x = {Q}

**√âtape 4 : Simplifier l'√©quation**  
Calculons {I} * {K} et {I} * {D}x :  
{I} * {K} = {N}  
{I} * {D}x = {O}x  

Maintenant, l'√©quation devient :  
{M}x + {N} ‚àí {O}x = {Q}  
({M}x ‚àí {O}x) + {N} = {Q}  
{P}x + {N} = {Q}

**√âtape 5 : Isoler x**  
Soustrayons {N} des deux c√¥t√©s :  
{P}x = {Q} ‚àí {N}  
{P}x = [{Q}-{N}]
x = {R} / {P}  

x = {F}
y = {G}","0;None:[{G}]; [{G}+-{A}];[{G}+-{B}];[{G}+-{C}]","{A}!={B}!={C}:{D}!={E}:{H}!={I}"
"üö® Le r√©servoir de l'avion de transport 'C160' contient  {E} litres de k√©ros√®ne. Lors d'une premi√®re escale, l'avion a consomm√© {F}/{G}√®me du contenu de d√©part du r√©servoir ; lors d'une seconde escale, il a consomm√© {H}/{I}√®me du contenu de d√©part et, lors d'une troisi√®me escale, il en a consomm√© {J}/{K}√®me.
Combien de litres de k√©ros√®ne reste-t-il dans le r√©servoir √† l'issue des trois escales ?","1:({E}*{F}/{G})+({E}*{H}/{I})+({E}*{J}/{K});{E}-{L}","{A}:(100,500,50);{B}:(100,500,50);{C}:(100,500,50);{D}:(100,500,50);{E}:(5000,20000,500);{F}:(1,10,1);{G}:(2,10,1);{H}:(1,5,1);{I}:(2,5,1);{J}:(1,20,1);{K}:(2,20,1)","La premiere chose √† noter est que l‚Äôon parle ici du carburant total.
On doit donc venir soustraire √† {E} L, {F}/{G} + {H}/{I} + {J}/{K} de {E} soit {E} - {L}= {M} L","0;None:[{M}] L;[{M}+-{A}] L;[{M}+-{B}] L;[{M}+-{C}] L;[{M}+-{D}] L","{A}!={B}!={C}!={D}:{F}<{G}:{H}<{I}:{J}<{K}"
"Un h√©licopt√®re consomme {E} litres de carburant par heure en vol stationnaire. Quelle quantit√© de carburant consommera-t-il apr√®s hm({F}) ?","1:{E}*{F}/3600","{A}:(10,80,1);{B}:(10,80,1);{C}:(10,80,1);{D}:(10,80,1);{E}:(1000,400,10);{F}:(3600,14400,360)","Consommation = {E} litres/h x [{F}/3600] h = {G} litres.","0;None:[{G}];[{G}+-{A}];[{G}+-{B}];[{G}+-{C}];[{G}+-{D}]","{A}!={B}!={C}!={D}"
"Un avion est √† une altitude de {A} m√®tres et monte √† une vitesse de {B} m√®tres par minute pendant {C} minutes. √Ä quelle altitude se trouve-t-il √† la fin?","0:{A}+{B}*{C}","{A}:(500,5000,100);{B}:(100,3000,100);{C}:(1,30,1)","Si un avion monte de {B} m par minute et qu‚Äôil se trouve √† {A} m. Il faut alors multiplier le taux de mont√©e soit {B} par le nombre de minute {C} et additionner le r√©sultat √† l‚Äôaltitude initiale {A} pour obtenir {D}","0;None:[{D}];[{D}+-{B}];[{D}+-100];[{D}+-(2*{B})]",""
"Un tireur d'√©lite utilise en moyenne {A} munitions pour toucher une cible. Si lors d'une mission il doit neutraliser {B} cibles, combien de munitions devra-t-il pr√©voir?","0:{A}*{B}","{A}:(1,20,1);{B}:(5,30,1)","Si le tireur d‚Äô√©lite utilise {A} munitions pour toucher {B} cible. Il faut donc simplement multiplier le nombre de munitions par le nombre de cible soit :
{A} x {B} = [{A}*{B}]","0;None:[{C}];[{C}+-1];[{C}+-2];[{C}+-3]",""
"Sophie veut acheter un v√©lo √† {A}‚Ç¨. Apr√®s n√©gociations, le marchand lui accorde {B}% de remise. Combien Sophie paye-t-elle le v√©lo?","1:{A}-({A}*{B}/100)","{A}:(10,500,1);{B}:(3,80,1);{C}:(2,3,1)","Il faut calculer le pourcentage de remise. Soit {A} x {B} / 100 = [{A}*{B}/100] on soustrait ensuite [{A}*{B}/100] de {A}","0;None:[{D}];[{D}+-1];[{D}+-{C}];[{D}+-4]",""
"Lucas souhaite acqu√©rir une montre √† {A} ‚Ç¨. Suite √† sa demande, le vendeur lui fait une ristourne de {B}%. Combien Lucas d√©bourse-t-il pour la montre?","1:{A}-({A}*{B}/100)","{A}:(10,500,1);{B}:(3,80,1);{C}:(2,3,1)","Il faut calculer le pourcentage de remise. Soit {A} x {B} / 100 = [{A}*{B}/100] on soustrait ensuite [{A}*{B}/100] de {A}
[{A}*{B}/100] - {A} = {D}","1;None:[{D}];[{D}+-1];[{D}+-{C}];[{D}+-4]",""
"Marie envisage d'acheter une paire de chaussures √† {A}‚Ç¨. Apr√®s discussion, le commer√ßant lui offre {B}% de r√©duction. Combien Marie paie-t-elle la paire de chaussures?","1:{A}-({A}*{B}/100)","{A}:(10,500,1);{B}:(3,80,1);{C}:(2,3,1)","Il faut calculer le pourcentage de remise. Soit {A} x {B} / 100 = [{A}*{B}/100] on soustrait ensuite [{A}*{B}/100] de {A}","1;None:[{D}];[{D}+-1];[{D}+-{C}];[{D}+-4]",""
"Pierre poss√®de un verger compos√© de {A} pommiers et {B} poiriers. Sachant qu'il abat {C}% de poiriers et {D}% de pommiers, combien d'arbres a-t-il abattu au total ?","2:({A}*{D}/100)+({B}*{C}/100)","{A}:(10,500,2);{B}:(10,500,2);{C}:(2,80,1);{D}:(3,80,1);{E}:(2,3,1)","Pour trouver le nombre total d'arbres abattus, vous pouvez calculer le nombre d'arbres abattus pour chaque type d'arbre (poiriers et pommiers) s√©par√©ment, puis les additionner.

Pour les poiriers, Pierre abat {C}% d'entre eux :
Nombre de poiriers abattus = {C}% de {B} = [{C}/100] x {B} = [{C}*{B}/100] poiriers abattus.
Pour les pommiers, Pierre abat {D}% d'entre eux :
Nombre de pommiers abattus = {D}% de {A} = [{D}/100] x {A} = [{A}*{D}/100] pommiers abattus.
Maintenant, additionnons les deux chiffres pour obtenir le nombre total d'arbres abattus :
Nombre total d'arbres abattus = [{C}*{B}/100] poiriers abattus + [{A}*{D}/100] pommiers abattus = {F} arbres abattus au total.
Attention, vous ne pouvez pas avoir de demi arbre, il convient donc d‚Äôarrondir √† la valeur sup√©rieure.
Le jour J pour le CSO, le calcul tombe normalement rond.","0;Ceil:[{F}];[{F}+-1];[{F}+-{E}];[{F}+-4]",""
"Cl√©ment a un jardin o√π il a plant√© {A} rosiers et {B} tulipes. Si il arrache {C}% de tulipes et {D}% de rosiers, combien de plantes a-t-il retir√©es en tout ?","2:({A}*{D}/100)+({B}*{C}/100)","{A}:(10,500,2);{B}:(10,500,2);{C}:(2,80,1);{D}:(3,80,1);{E}:(2,3,1)","Pour trouver le nombre total de plantes abattus, vous pouvez calculer le nombre de plantes abattus pour chaque type de plante (tulipes et rosiers) s√©par√©ment, puis les additionner.

Pour les tulipes, Pierre abat {C}% d'entre eux :
Nombre de tulipes abattus = {C}% de {B} = [{C}/100] x {B} = [{C}*{B}/100] tulipes abattus.
Pour les rosiers, Pierre abat {D}% d'entre eux :
Nombre de pommiers abattus = {D}% de {A} = [{D}/100] x {A} = [{A}*{D}/100] rosiers abattus.
Maintenant, additionnons les deux chiffres pour obtenir le nombre total de plantes abattus :
Nombre total d'arbres abattus = [{C}*{B}/100] tulipes abattus + [{A}*{D}/100] rosiers abattus = {F} plantes abattus au total.
Attention, vous ne pouvez pas avoir de demi plante, il convient donc d‚Äôarrondir √† la valeur sup√©rieure.
Le jour J pour le CSO, le calcul tombe normalement rond.","0;Ceil:[{F}]; [{F}+-1];[{F}+-{E}];[{F}+-4]",""
"Pierre poss√®de un verger compos√© de {A} pommiers et {B} poiriers. Sachant qu'il abat {C}% de poiriers et {D}% de pommiers, combien d'arbres restent ils au total ?","2:({A}+{B})-({A}*{D}/100)-({B}*{C}/100)","{A}:(10,500,2);{B}:(10,500,2);{C}:(2,80,1);{D}:(3,80,1);{E}:(2,3,1)","Pour trouver le nombre total d'arbres restant, vous pouvez calculer le nombre d'arbres abattus pour chaque type d'arbre (poiriers et pommiers) s√©par√©ment, puis les soustraire au nombre d‚Äôarbres total.

Pour les poiriers, Pierre abat {C}% d'entre eux :
Nombre de poiriers abattus = {C}% de {B} = [{C}/100] x {B} = [{C}*{B}/100] poiriers abattus.
Pour les pommiers, Pierre abat {D}% d'entre eux :
Nombre de pommiers abattus = {D}% de {A} = [{D}/100] x {A} = [{A}*{D}/100] pommiers abattus.
Maintenant, additionnons les deux chiffres pour obtenir le nombre total d'arbres abattus :
Nombre total d'arbres abattus = [{C}*{B}/100] poiriers abattus + [{A}*{D}/100] pommiers abattus = [({A}*{D}/100)+({B}*{C}/100)]
Nombre total d‚Äôarbres rentant = {A} + {B} - [({A}*{D}/100)+({B}*{C}/100)] = [{A}+{B}] - [({A}*{D}/100)+({B}*{C}/100)] = {F} arbres restant au total.
Attention, vous ne pouvez pas avoir de demi arbre, il convient donc d‚Äôarrondir √† la valeur inf√©rieure.
Le jour J pour le CSO, le calcul tombe normalement rond.","0;Floor:[{F}]; [{F}+-1];[{F}+-{E}];[{F}+-4]",""
"Un sac de bl√© de {A} litres p√®se {B} kg. Quand on r√©duit le bl√© en farine, il perd {C}% de son poids. De plus, pour fabriquer {D} kg de pain, il faut utiliser {E} kg de farine.

Combien de kg de pain peut-on pr√©parer avec {F}  hl de bl√© ?","0:(((({F}*100)/{A})*{B})*(1-{C}/100))*{D})/{E}","{A}:(100,500,10);{B}:(100,400,10);{C}:(5,80,5);{D}:(2,10,1);{E}:(2,10,1);{F}:(2,10,1)","Le processus d√©bute par la conversion du volume de bl√© en poids, utilisant le fait qu'{A} litres de bl√© p√®sent {B} kg. 
Si nous voulons savoir combien p√®se {F} hectolitres (hl) de bl√©, nous multiplions {F} par 100 pour convertir en litres (car 1 hl = 100 litres) et utilisons ensuite la proportionnalit√© pour trouver le poids correspondant en kg soit:

(({F} x 100) / {A}) x {B} = [(({F}*100)/{A})*{B}]
Ensuite, nous prenons en compte la perte de poids due √† la transformation du bl√© en farine, qui est de {C}%. Pour ajuster le poids √† cette perte, nous multiplions le poids initial par 1 - {C}/100, donnant le poids r√©el de la farine obtenue apr√®s r√©duction :

[(({F}*100)/{A})*{B}] x (1 - {C}/100) = [(({F}*100)/{A})*{B}] x [1-{C}/100] = [(({F}*100)/{A})*{B})*(1-({C}/100))]

La derni√®re √©tape consiste √† d√©terminer combien de kg de pain peut √™tre pr√©par√© avec cette farine. Sachant que {D} kg de pain n√©cessitent {E} kg de farine, nous utilisons le poids de la farine calcul√© pr√©c√©demment pour trouver combien de pain peut √™tre fait. 
Le rapport final pour calculer le poids du pain produit est obtenu en divisant le poids de la farine par {E} (kg de farine par kg de pain) et en multipliant par {D}, repr√©sentant la quantit√© de pain produite.
La formule finale pour calculer le nombre de kg de pain que l'on peut pr√©parer avec {F} hl de bl√© est alors : 
[(({F}*100)/{A})*{B})*(1-({C}/100))] / {D} )x {E} = [(({F}*100)/{A})*{B})*(1-({C}/100))] x {D} / {E} = {G}","0;None:[{G}]; [{G}+-1];[{G}+-2];[{G}+-4]",""
"En 2023, un article co√ªtait {A} francs fran√ßais (FRF). En 2024, ce m√™me article vaut d√©sormais {B} euros . En consid√©rant que {C} FRF = {D} euros, d√©terminer une valeur approch√©e de la hausse du prix intervenue entre ces deux ann√©es, en pourcentage.","1:(({B}/({A}*{D}/{C}))-1)*100","{A}:(5,50,5);{B}:(10,40,2);{C}:(5,15,5);{D}:(1,3,0.01)","Vous devez dans un premier temps calculer le prix en euro tel qu‚Äôil √©tait en 2023 soit:
{A} x {D} / {C} = [{A}*{D}] / {C} = [{A}*{D}/{C}]
Calculez ensuite combien de fois plus ch√®re vaut l‚Äôarticle:
{B} / [{A}*{D}/{C}] = [{B}/({A}*{D}/{C})] soit [(({B}/({A}*{D}/{C}))-1)*100] %

Attention de ne pas confondre le nombre de fois par lequel l‚Äôarticle a √©t√© multipli√© et le pourcentage d‚Äôaugmentation.","2;None:[{E}]; [{B}/({A}*{D}/{C})*100]; [{B}/({A}*{D}/{C})]; [({B}/({D}*{A}/{C})+1)*100]",""
"Un coureur de longue distance compl√®te {A} km en {B} minutes. Quelle dur√©e lui sera n√©cessaire pour achever un parcours de {C} km ?","2:{C}*{B}/{A}","{A}:(2,20,1);{B}:(5,90,5);{C}:(10,70,1);{D}:(1,9,1);{E}:(1,9,1);{F}:(1,9,1)","Un simple produit en croix suffit √† r√©soudre le probl√®me:

Temps pour faire {C} km =  {C} x {B} /{A} = {G} min","2;Round:[{G}] min;[{G}+-{D}] min;[{G}+-{E}] min;[{G}+-{E}] min","{D}!={E}!={F}"
"{A} fruits co√ªtent {B} euros. Combien devrait-on payer pour en acqu√©rir {C} ?","1:{C}*{B}/{A}","{A}:(2,15,1);{B}:(2,20,1);{C}:(15,70,1);{D}:(1,4,1);{E}:(0.3,0.9,0.1)","Ici un simple produit en croix suffit.
{A} fruits co√ªte {B} euros
{C} fruits co√ªte X euros
X = {C} x {B} / {A} = {F}","2;Round:[{F}];[{F}+-{D}] ; [{F}+-{E}];[{A}*{B}/{C}]",""
"Lors d'un achat de {A} ouvrages √† {B} euros l'unit√© dans une boutique de livres, Thomas r√®gle avec un billet de {C} euros. Quel est le montant de sa monnaie ?","2:{C}-({A}*{B})","{A}:(2,10,1);{B}:(2,5,0.05);{C}:(50,80,1);{D}:(1,4,0.05);{E}:(4,10,0.05)","Calculez dans un premier temps le prix des livres achet√©s soit {A} x {B} = [{A}*{B}]
Puis soustraire le r√©sultat √† l‚Äôargent en poche : {C} - [{A}*{B}] = [{C}-({A}*{B})]","2;None:[{F}];[{F}+-{D}] ; [{F}+-{E}];[{F}+-0.25]",""
"Avec un salaire horaire de {A} euros, Julien cumule un total de {B} heures de travail. Si Lola est r√©mun√©r√©e √† {C} euros de l'heure, quel volume d'heures doit-elle fournir pour obtenir une r√©mun√©ration √©quivalente √† celle de Julien ?","2:{A}*{B}/{C}","{A}:(5,15,0.1);{B}:(10,39,1);{C}:(5,15,0.01);{D}:(1,4,0.01);{E}:(4,10,0.02)","Calculez dans un premier temps le salaire du premier employ√© soit {A} x {B} = [{A}*{B}]
Pour d√©duire le temps de travail du deuxi√®me employ√© divisez simplement le salaire du premier par le taux horaire du deuxi√®me soit:
[{A}*{B}] / {C} = [{A}*{B}/{C}]","2;None:[{F}];[{F}+-{D}] ; [{F}+-{E}];[{F}+-0.25]",""
"Un {[hotel,√©tablissement,restaurant]} dispose de 2 √©quipements pour cuire des pizzas, le premier pouvant en pr√©parer {A} fois plus que le second. Si [{A}*{B}+{B}] pizzas ont √©t√© vendues lors d'une soir√©e, quel est le nombre cuites par le second √©quipement ?","0:{B}","{A}:(2,15,1);{B}:(2,40,1);{C}:(1,2,1);{D}:(3,4,1)","Pour d√©terminer combien de pizzas ont √©t√© cuites par le second √©quipement, on peut poser l'√©quation suivante, en consid√©rant que le premier √©quipement pr√©pare {A} fois plus de pizzas que le second :
Soit x le nombre de pizzas cuites par le second √©quipement. Alors, le premier √©quipement peut cuire {A}x pizzas.
La somme des pizzas cuites par les deux √©quipements est √©gale au total des pizzas vendues : 
x + {A} x = [{B}+{A}*{B}]
En r√©solvant cette √©quation, on trouve la valeur de x
[{A}+1] x = [{B}+{A}*{B}]
X = [{B}+{A}*{B}] / [{A}+1] = {E}
Le second √©quipement a cuit {E} pizzas lors de cette soir√©e.","0;None:[{E}];[{E}+-{C}] ; [{E}+-{D}]; [{A}*{B}+{A}]",""
"{[Un r√©servoir,Un bidon,Une gourde]}  est √† {A} % de sa capacit√© totale avec {B} litres. Quelle est sa contenance totale ?","2:100*{B}/{A}","{A}:(2,93,1);{B}:(2,100,1);{C}:(1,3,1);{D}:(4,6,1);{E}:(1.1,3.9,0.3)","Si {A} % correspond √† {B} L alors 
100 % = 100 x {B} / {A} = [100*{B}/{A}]","0;None:[{F}];[{F}+-{C}];[{F}+-{D}];[{F}+-{E}]",""
"Pour remplir sa piscine, un particulier passe par 3 tuyaux. Le d√©bit du premier (tuyau A) est de {A} L/m. Celui du deuxi√®me, le tuyau B est de {B}/{C} de A et le dernier (tuyau C) a un d√©bit √©gal aux {D}/{E} du tuyau B, quel est le d√©bit du tuyau C ?","1:({D}/{E})*({B}/{C}*{A})","{A}:(2,99,1);{B}:(2,20,1);{C}:(2,15,1);{D}:(2,20,1);{E}:(2,15,1)","√âtape 1: Calculer le d√©bit du tuyau B
Le d√©but du tuyau B est √©gal √† {B}/{C} de A soit {B}/{C} x {A} = [{B}/{C}*{A}]

√âtape 2: Calculer le d√©bit du tuyau C
Le d√©but du tuyau C est √©gal √† {D}/{E} de B soit {D}/{E} x [{B}/{C}*{A}] = [({D}/{E})*({B}/{C}*{A})]

Ainsi, le d√©bit du tuyau C est [({D}/{E})*({B}/{C}*{A})]","1;None:[{F}];[{F}+-1];[{F}+-2];[{F}+-3]",""
"Un abonnement de streaming co√ªte {A}‚Ç¨ par mois pour les {B} premi√®res heures de visionnage, puis {C}‚Ç¨ par heure suppl√©mentaire. Quel sera le co√ªt total pour {D} heures de visionnage en un mois ?","1:{D}-{B};{E}*{C};{A}+{F}","{A}:(2,40,1);{B}:(2,20,1);{C}:(2,15,1);{D}:(25,100,1)","√âtape 1: Co√ªt des {B} premi√®res heures de visionnage
Le co√ªt pour les {B} premi√®res heures de visionnage est fixe √† {A}‚Ç¨.

√âtape 2: Calcul du nombre d'heures suppl√©mentaires
Heures suppl√©mentaires = Heures totales - Heures incluses dans l'abonnement = {D} heures - {B} heures = {E} heures

√âtape 3: Calcul du co√ªt des heures suppl√©mentaires
Co√ªt des heures suppl√©mentaires = Nombre d'heures suppl√©mentaires * Co√ªt par heure = {E} heures * {C}‚Ç¨/heure = {F}‚Ç¨

√âtape 4: Calcul du co√ªt total
Co√ªt total = Co√ªt des {B} premi√®res heures + Co√ªt des heures suppl√©mentaires = {A}‚Ç¨ + {F}‚Ç¨ = {G}‚Ç¨","1;None:[{G}] ‚Ç¨;[{F}+-1] ‚Ç¨;[{F}+-2] ‚Ç¨;[{F}+-3] ‚Ç¨",""
"Dans une librairie, les {A} premiers crayons co√ªtent {B}‚Ç¨, puis {C}‚Ç¨ l'unit√© jusqu'√† {D} crayons ? Au dela de {D} crayons, une majoration de {E}% est appliqu√©, combien co√ªteront {F} crayons apr√®s l'augmentation ?","1:({D}-{A})*{C};{B}+{G};{C}*(1+({E}/100));({F}-{D})*{I};{H}+{J}","{A}:(2,5,1);{B}:(2,10,1);{C}:(2,7,1);{D}:(8,15,1);{E}:(10,40,5);{F}:(30,100,1)","√âtape 1: Calculer le co√ªt des premiers {D} crayons:
Les premiers {A} crayons co√ªtent {B}‚Ç¨.

Les [{D}-{A}] crayons restants (jusqu'√† {D} crayons) co√ªtent {C}‚Ç¨ par crayon.
Co√ªt pour les [{D}-{A}] crayons restants = [{D}-{A}] * {C}‚Ç¨ = {G}‚Ç¨

Co√ªt total pour les premiers {D} crayons = {B}‚Ç¨ + {G}‚Ç¨ = {H}‚Ç¨

√âtape 2: Calculer le co√ªt des crayons restants ([{F}-{D}] crayons) avec le prix augment√© de {E}%
Nouveau prix pour chaque crayon apr√®s {D} crayons = {C}‚Ç¨ * [(1+({E}/100))] = {I} ‚Ç¨

Co√ªt pour les [{F}-{D}] crayons restants = [{F}-{D}] * {I}‚Ç¨ = {J}‚Ç¨

√âtape 3: Calculer le co√ªt total
Co√ªt total pour {F} crayons = Co√ªt des premiers {D} crayons + Co√ªt des [{D}-{A}] crayons restants + Co√ªt des [{F}-{D}] crayons restants = {H} ‚Ç¨ + {J} ‚Ç¨ = {K}‚Ç¨","1;None:[{K}] ‚Ç¨;[{K}+-2] ‚Ç¨;[{K}+-4] ‚Ç¨;[{K}+-6] ‚Ç¨",""
"Dans un magasin de jouets, Alice ach√®te {A} peluches qui co√ªtent {B} ‚Ç¨ chacune. Elle donne un billet de {C}$ au caissier, combien de monnaie va-t-elle recevoir ?
Note: 1$ = {D} ‚Ç¨","1:{A}*{B};{C}*{D};{F}-{E}","{A}:(2,15,1);{B}:(2.00,20.00,0.01);{C}:(250,400,1);{D}:(1.50,3.00,0.01)","√âtape 1: Calculer le co√ªt total des peluches
Co√ªt total des peluches = {A} * {B} ‚Ç¨ = {E} ‚Ç¨

√âtape 2: Convertir le montant du billet de {C}$ en euros
Montant en euros pour {C}$ = {C}$ * {D} ‚Ç¨/$ = {F} ‚Ç¨

√âtape {A}: Calculer la monnaie qu'Alice recevra
Monnaie = Montant en euros - Co√ªt total des peluches = {F} ‚Ç¨ - {E} ‚Ç¨ = {G} ‚Ç¨","1;None:[{G}] ‚Ç¨;[{G}+-1] ‚Ç¨;[{G}+-2] ‚Ç¨;[{G}+-3] ‚Ç¨",""
"Si une paire de {[chaussure,basquette,chausette]}  en promotion est affich√©e au prix de {A} ‚Ç¨ et que son prix d'origine √©tait de {B} ‚Ç¨, quel est le pourcentage de r√©duction appliqu√© √† ce produit ?","1:{B}-{A};{C}/{B}*100","{A}:(20,50,1);{B}:(51,100,1)","√âtape 1: Calculer la r√©duction en valeur absolue
R√©duction = Prix d'origine - Prix en promotion
R√©duction = {B} ‚Ç¨ - {A} ‚Ç¨ = {C} ‚Ç¨

√âtape 2: Calculer le pourcentage de r√©duction
Pourcentage de r√©duction = (R√©duction / Prix d'origine) * 100
Pourcentage de r√©duction = ({C} ‚Ç¨ / {B} ‚Ç¨) * 100 = {D} %","1;None:[{D}] %;[{D}+-1] %;[{D}+-2] %;[{D}+-3] %",""
"Un cycliste parcourt un kilom√®tre en {E} minutes. Si une pause de {F} minutes est ajout√©e tous les {G} km, et qu'il parcourt {H} km combien de temps prendra-t-il au total avec les pauses ?","1:{H}*{E};{H}/{G};Dec{J};{J}-{K};{L}*{F};{I}+{M};{N}*60","{A}:(600,3600,60);{B}:(600,3600,60);{C}:(600,3600,60);{D}:(600,3600,60);{E}:(2,10,2);{F}:(5,20,1);{G}:(5,20,5);{H}:(30,80,10)","√âtape 1: Calculer le temps de parcours pour {H} km sans pauses
Temps pour {H} km = {H} km * {E} minutes/km = {I} minutes

√âtape 2: Calculer le nombre de pauses et leur dur√©e totale
Le cycliste fait une pause de {F} minutes tous les {G} km.

Nombre de pauses pour {H} km = {H} km / {G} km/pause = {J} = {L} pauses car il ne peut pas faire {K} pause

Dur√©e totale des pauses = Nombre de pauses * {F} minutes/pause = {L} * {F} minutes = {M} minutes


√âtape 3: Calculer le temps total
Temps total = Temps de parcours + Dur√©e totale des pauses
Temps total = {I} minutes + {M} minutes = {N} minutes = hm({O})","0;Round:hm([{O}]);hm([{O}+-{A}]);hm([{O}+-{B}]);hm([{O}+-{C}]);hm([{O}+-{D}])","{A}!={B}!={C}!={D}"
"Si un bateau parcourt {A} kilom√®tres en {B} heures, combien de kilom√®tres parcourra-t-il en {C} heures s'il garde la m√™me vitesse ? ","2:{A}/{B};{D}*{C};({A}*{C})/{B}","{A}:(100,300,10);{B}:(3,10,1);{C}:(11,20,1)","√âtape 1: Calculer la vitesse du bateau
Vitesse = Distance / Temps
Vitesse = {A} km / {B} h = {D} km/h

√âtape 2: Utiliser la vitesse pour d√©terminer la distance parcourue en {C} heures
Distance = Vitesse * Temps
Distance = {D} km/h * {C} h = {F} km","1;Round:[{F}] km;[{F}+-5] km;[{F}+-10] km;[{F}+-15] km",""
"Le prix d'un ordinateur portable est affich√© √† {A} ‚Ç¨. Le prix de cet ordinateur a subi une hausse de {B}% puis une baisse de {C}%. Quel est son nouveau prix ?","1:(1+({B}/100))*{A};{D}*(1-({C}/100))","{A}:(50,100,10);{B}:(5,60,10);{C}:(5,60,10)","√âtape 1: Calculer le prix apr√®s la hausse de {B}%
Prix apr√®s la hausse = [1+({B}/100)] * {A} ‚Ç¨ = {D} ‚Ç¨

√âtape 2: Calculer le prix apr√®s la baisse de {C}%

Prix apr√®s la baisse = Prix apr√®s la hausse - Baisse de {C}%
Prix apr√®s la baisse = {D} ‚Ç¨ x [1-({C}/100)] ‚Ç¨ = {E} ‚Ç¨","1;Round:[{E}] ‚Ç¨;[{E}+-5] ‚Ç¨;[{E}+-10] ‚Ç¨;[{E}+-15] ‚Ç¨",""
"Un phare √©met une lumi√®re toutes les {A} secondes. Si la fr√©quence est doubl√©e au bout de {B}h, combien de signaux √©mettra-t-il en hm({C}) ?","1:3600/{A};{D}*{B};3600/({A}/2);{C}-({B}*3600);{G}/3600;{F}*{H};{E}+{I}","{A}:(2,50,1);{B}:(1,2,1);{C}:(10800,18000,600)","√âtape 1: Calculer le nombre de signaux √©mis en {B} heure
Nombre de signaux par heure = 3600 secondes / {A} secondes = {D} signaux par heure
Nombre de signaux en {B}h = {D} x {B} = {E}

√âtape 2: Calculer le nombre de signaux √©mis apr√®s la fr√©quence doubl√©e
La fr√©quence est doubl√©e apr√®s {B} heure, donc le phare √©met une lumi√®re toutes les [{A}/2] seconde ({A} secondes / 2).

Nombre de signaux par heure avec la fr√©quence doubl√©e = 3600 secondes / [{A}/2] seconde = {F} signaux par heure

√âtape 3: Calculer le nombre total de signaux √©mis en hm({C})
Nombre de signaux dans les hm({G}) suivantes = {F} signaux par heure * {H} heures = {I} signaux

√âtape 4: Calculer le nombre total de signaux

Nombre total de signaux = {E} + {I} = {J}","1;Round:[{J}] ;[{J}+-5];[{J}+-10];[{J}+-15]",""
"Un abonnement pour le CSO sur devenez-pilote co√ªte {A} ‚Ç¨ par mois. Combien co√ªterait-il par an si une r√©duction de {B} % est appliqu√©e ?","1:{A}*12;{C}*{B}/100;{C}-{D}","{A}:(2,30,1);{B}:(10,50,5)","√âtape 1: Calculer le co√ªt annuel sans r√©duction
Le co√ªt mensuel de l'abonnement est de {A} ‚Ç¨.

Le co√ªt annuel sans r√©duction est :

Co√ªt annuel = {A} ‚Ç¨ * 12 mois = {C} ‚Ç¨

√âtape 2: Calculer le montant de la r√©duction
La r√©duction est de {B} % du co√ªt annuel.

Montant de la r√©duction = {B} % de {C} ‚Ç¨
Montant de la r√©duction = [{B}/100] * {C} ‚Ç¨ = {D} ‚Ç¨

√âtape 3: D√©duire le montant de la r√©duction du co√ªt annuel
Co√ªt annuel avec r√©duction = Co√ªt annuel sans r√©duction - Montant de la r√©duction
Co√ªt annuel avec r√©duction = {C} ‚Ç¨ - {D} ‚Ç¨ = {E} ‚Ç¨","1;None:[{E}] ‚Ç¨;[{E}+-5] ‚Ç¨;[{E}+-7] ‚Ç¨;[{E}+-10] ‚Ç¨",""
"Un r√©servoir doit √™tre remplis d'eau. Il peut √™tre rempli en {A} heures avec une seule pompe et peut √™tre rempli en {B} heures avec une autre pompe. Combien de temps va-il mettre pour √™tre remplis avec les deux pompes ?","2:{A}*{B};{A}+{B};{C}/{D};{C}/{D}*3600","{A}:(1,10,1);{B}:(1,10,1)","√âtape 1: Calculer le taux de remplissage de chaque pompe
Le taux de remplissage de la pompe pour le r√©servoir A est 1/{A} du r√©servoir par heure.
Le taux de remplissage de la pompe pour le r√©servoir B est 1/{B} du r√©servoir par heure.

√âtape 2: Calculer le taux de remplissage combin√© des deux pompes
Le taux de remplissage combin√© est (1/{A}) + (1/{B}).
Pour additionner ces fractions, nous devons trouver un d√©nominateur commun. Le plus petit d√©nominateur commun de {A} et {B} est {C}.
Donc, (1/{A}) = ({B}/{C}) et (1/{B}) = ({A}/{C}).
Le taux de remplissage combin√© est ({B}/{C}) + ({A}/{C}) = {D}/{C} du r√©servoir par heure.

√âtape {A}: Calculer le temps n√©cessaire pour remplir les deux r√©servoirs ensemble
Pour remplir les deux r√©servoirs ensemble, nous avons un taux de remplissage combin√© de {D}/{C} des r√©servoirs par heure.
Le temps n√©cessaire pour remplir 1 r√©servoir complet (ou les deux r√©servoirs combin√©s) est 1 / ({D}/{C}) = {C}/{D} heures.
{C}/{D} heures est environ {E} heures, ce qui repr√©sente hm({F})","0;Round:hm([{F}]);hm([{F}+-300]);hm([{F}+-600]);hm([{F}+-900])",""
"Un randonneur a mis hm({E}) pour parcourir {F} km sur un sentier de montagne. Combien de temps lui faudra-t-il pour parcourir {G} km sur un terrain similaire ?","1:{E}/3600;{G}*{H}/{F}","{A}:(600,2100,60);{B}:(600,2100,60);{C}:(600,2100,60);{D}:(600,2100,60);{E}:(3600,10800,360);{F}:(50,100,5);{G}:(70,200,5)","Calculer le temps n√©cessaire pour parcourir {G} km
Il faut ici faire un simple produit en croix : Temps = {G} x {H} / {F} ‚âà {I} heure(s)","0;Round:hm([{I}]);hm([{I}+-{A}]);hm([{I}+-{B}]);hm([{I}+-{C}])","{A}!={B}!={C}:{F}!={G}"
"Un r√©servoir de {E} litres a fourni {F} litres d'eau en une journ√©e. Combien de litres d'eau un r√©servoir de {G} litres fournirait-il avec le m√™me rendement ?","2:{G}*{F}/{E}","{A}:(5,20,0.1);{B}:(5,20,0.1);{C}:(5,20,0.1);{D}:(5,20,1);{E}:(50,100,5);{F}:(50,100,5);{G}:(50,200,10)","Quantit√© d'eau fournie par le r√©servoir de {G} litres:

Quantit√© d'eau fournie par le r√©servoir de {G} litres = Capacit√© du r√©servoir * Rendement = {G} litres * {F} / {E} ‚âà {H} litres

( Rendement = Quantit√© d'eau fournie / Capacit√© du r√©servoir )","1;None:[{H}] L;[{H}+-{A}] L;[{H}+-{B}] L;[{H}+-{C}] L","{A}!={B}!={C}:{E}>{F}:{G}>{E}"
"Un billet de concert co√ªtait {A}‚Ç¨ l'ann√©e derni√®re, il co√ªte maintenant {B}‚Ç¨. De quel pourcentage son prix a-t-il augment√© ?","1:{B}-{A};{C}/{A}*100","{A}:(10,20,1);{B}:(21,40,1)","√âtape 1: Calculer l'augmentation en valeur absolue
Augmentation = Prix actuel - Prix initial = {B} ‚Ç¨ - {A} ‚Ç¨ = {C} ‚Ç¨

√âtape 2: Calculer le pourcentage d'augmentation
Pourcentage d'augmentation = (Augmentation / Prix initial) * 100 = ({C} ‚Ç¨ / {A} ‚Ç¨) * 100 ‚âà {D} %","1;None:[{D}] %;[{D}+-2.5] %;[{D}+-5.3] %;[{D}+-7.4] %",""
"Le volume d'eau que peut transporter une citerne a augment√© de {A} litres, soit {B}%, apr√®s avoir √©t√© modifi√©e. De combien de pourcent doit-elle augmenter sa nouvelle capacit√© pour atteindre une augmentation totale de {C}% ?","2:{A}/({B}/100);{D}+{A};{D}*({C}/100);{D}+{F};{G}-{E};({H}/{E})*100","{A}:(1.1,3.0,0.1);{B}:(5,35,5);{C}:(40,70,5)","√âtape 1: Calculer la capacit√© initiale de la citerne
Augmentation initiale de {A} litres correspond √† {B}% de la capacit√© initiale, donc la capacit√© initiale est : 
Capacit√© initiale = {A} litres / [{B}/100] = {D} litres.

√âtape 2: Calculer la nouvelle capacit√© de la citerne apr√®s la premi√®re augmentation
Nouvelle capacit√© apr√®s {B}% d'augmentation = Capacit√© initiale + Augmentation initiale = {D} litres + {A} litres = {E} litres.

√âtape 3: Calculer le pourcentage d'augmentation n√©cessaire pour atteindre une augmentation totale de {C}%
Augmentation totale souhait√©e de {C}% sur la capacit√© initiale = Capacit√© initiale * [{C}/100] = {D} litres * [{C}/100] = {F} litres.

Capacit√© cible apr√®s {C}% d'augmentation = Capacit√© initiale + Augmentation totale = {D} litres + {F} litres = {G} litres.

Augmentation n√©cessaire √† partir de la nouvelle capacit√© = Capacit√© cible - Nouvelle capacit√© = {G} litres - {E} litres = {H} litres.

Pourcentage d'augmentation n√©cessaire = (Augmentation n√©cessaire / Nouvelle capacit√©) * 100 = ({H} litres / {E} litres) * 100 ‚âà {I}.","1;None:[{I}] %;[{I}+-2.5] %;[{I}+-5.3] %;[{I}+-7.4] %",""
"Un tuyau doit remplir une piscine de {A} litres en hm({B}). √Ä quel d√©bit doit-il fonctionner pour accomplir cela ?","1:{A}/({B}/60)","{A}:(100,200,10);{B}:(600,7200,600)","Calculer le d√©bit en litres par minute
D√©bit = Volume / Temps = {A} litres / [{B}/60] minutes ‚âà {C} litres par minute.","1;None:[{C}] L/min;[{C}+-0.5] L/min;[{C}+-1] L/min;[{C}+-1.5] L/min",""
"Deux √©quipes de travail ont mis {A} jours pour construire {B} maisons. Sachant que l'√©quipes A aurait pu construire ces {B} maisons en {C} jours, combien de temps aurait pris l'√©quipe B pour construire {D} maisons seule ?","1:{B}/{C};{B}/{A};{F}-{E};{D}/{G}","{A}:(2,10,1);{B}:(50,150,10);{C}:(11,30,1);{D}:(50,150,10)","√âtape 1: Calculer le taux de travail de l'√©quipe A
L'√©quipe A peut construire {B} maisons en {C} jours. Donc, le taux de travail de l'√©quipe A est :

Taux de l'√©quipe A = {B} maisons / {C} jours = {E} maisons par jour.

√âtape 2: Calculer le taux de travail combin√© des deux √©quipes
Les deux √©quipes ensemble construisent {B} maisons en {A} jours. Donc, le taux de travail combin√© est :

Taux combin√© = {B} maisons / {A} jours = {F} maisons par jour.

√âtape 3: Calculer le taux de travail de l'√©quipe B
Taux de l'√©quipe B = Taux combin√© - Taux de l'√©quipe A = {F} maisons par jour - {E} maisons par jour = {G} maisons par jour.

√âtape 4: Calculer le temps n√©cessaire pour que l'√©quipe B construise {D} maisons
Temps pour l'√©quipe B = {D} maisons / {G} maisons par jour ‚âà {H} jours.","1;None:[{H}] jour(s);[{H}+-0.5] jour(s);[{H}+-1] jour(s);[{H}+-1.5] jour(s)",""
"Un agriculteur a arros√© ses cultures sur une superficie de {A} hectares en hm([{B}+{C}]). Combien de temps lui faudrait-il pour arroser {D} hectares ?","1:{B}+{C};{E}/3600;{A}/{F};{D}/{G}","{A}:(5,15,1);{B}:(3600,10800,3600);{C}:(0,3300,300);{D}:(20,40,5)","√âtape 1: Convertir le temps d'arrosage en heures
L'agriculteur a arros√© {A} hectares en hm({E}) . Convertissons hm({E}) en heures.
hm({E}) = [{B}/3600] heures + ([{C}/60] minutes / 60 minutes par heure) = {F} heures.

√âtape 2: Calculer le taux d'arrosage par hectare
Taux d'arrosage = Superficie arros√©e / Temps d'arrosage
Taux d'arrosage = {A} hectares / {F} heures ‚âà {G} hectares par heure.

√âtape 3: Calculer le temps n√©cessaire pour arroser {D} hectares
Temps n√©cessaire = Superficie √† arroser / Taux d'arrosage
Temps n√©cessaire = {D} hectares / {G} hectares par heure ‚âà {H} heures.","1;None:[{H}] heures;[{H}+-0.5] heures;[{H}+-1] heures;[{H}+-1.5] heures",""
"Un bateau a parcouru {A} miles nautiques lors d'un trajet en mer. Sachant qu'un mile terrestre mesure {B} m√®tres et qu'un mile nautique √©quivaut √† {C} mile terrestre, quelle distance en kilom√®tres a √©t√© parcourue par le bateau ?","2:{A}*{C};{D}*{B};{E}/1000","{A}:(10,200,10);{B}:(1000,2000,1);{C}:(1.10,5.00,0.01)","√âtape 1: Convertir les miles nautiques en miles terrestres
1 mile nautique √©quivaut √† {C} mile terrestre.

Distance en miles terrestres = Distance en miles nautiques * {C}
Distance en miles terrestres = {A} miles nautiques * {C} = {D} miles terrestres

√âtape 2: Convertir les miles terrestres en m√®tres
1 mile terrestre mesure {B} m√®tres.

Distance en m√®tres = Distance en miles terrestres * {B}
Distance en m√®tres = {D} miles terrestres * {B} = {E} m√®tres

√âtape 3: Convertir les m√®tres en kilom√®tres
1 kilom√®tre √©quivaut √† 1000 m√®tres.

Distance en kilom√®tres = Distance en m√®tres / 1000
Distance en kilom√®tres = {E} m√®tres / 1000 = {F} kilom√®tres","2;None:[{F}] km;[{F}+-5] km;[{F}+-10] km;[{F}+-15] km",""
"Trois programmeurs participent √† un hackathon. Le premier termine son projet en hm({A}), le deuxi√®me en hm({B}), et la moyenne de leur temps est de hm({C}). En combien de temps le troisi√®me programmeur a-t-il termin√© son projet ?","2:{A}/60;{B}/60;{C}/60;{D}+{E};{F}*3;{H}-{G};{I}*60","{A}:(1800,6000,300);{B}:(1800,6000,300);{C}:(3900,10800,300)","√âtape 1: Convertir les temps en minutes
Le premier programmeur a termin√© en hm({A}).
hm({A}) = {D} minutes.

Le deuxi√®me programmeur a termin√© en hm({B}).
hm({B}) = {E} minutes.

√âtape 2: Convertir la moyenne en minutes
La moyenne des deux programmeurs est de hm({C})
hm({C}) = {F} minutes.

√âtape 3: Utiliser la moyenne pour trouver le temps du troisi√®me programmeur
Moyenne des deux programmeurs = {F} minutes.


√âtape 4: Calculer le temps du troisi√®me programmeur
Puisque la moyenne des trois programmeurs est de {F} minutes :
{F} * 3 = {H} minutes (temps total pour les trois programmeurs)

D√©duire le temps des deux premiers programmeurs :
Temps du troisi√®me programmeur = {H} - ({D} + {E}) = {H} - {G} = {I} minutes.

√âtape 5: Convertir le temps du troisi√®me programmeur en heures et minutes
{I} minutes = hm({J})","0;Round:hm([{J}]);hm([{J}+-300]);hm([{J}+-600]);hm([{J}+-840])",""
"Une √©quipe de robots utilise des outils pour assembler des pi√®ces. Le robot A utilise un outil qui travaille √† {A}/{B} de la vitesse de l'outil du robot B. Le robot C utilise un outil qui travaille √† {C}/{D} de la vitesse de l'outil du robot B. Le robot A assemble des pi√®ces √† une vitesse de {E} pi√®ces par minute. √Ä quelle vitesse le robot C assemble-t-il les pi√®ces ?","2:{E}*{B}/{A};{F}*{C}/{D}","{A}:(1,10,1);{B}:(1,10,1);{C}:(1,10,1);{D}:(1,10,1);{E}:(10,30,1)","√âtape 1: D√©terminer la vitesse de l'outil du robot B
Le robot A utilise un outil qui travaille √† {A}/{B} de la vitesse de l'outil du robot B et assemble des pi√®ces √† une vitesse de {E} pi√®ces par minute.

Vitesse du robot B = {E} pi√®ces/minute * ({B}/{A}) = {F} pi√®ces/minute.

√âtape {C}: D√©terminer la vitesse de l'outil du robot C
Le robot C utilise un outil qui travaille √† {C}/{D} de la vitesse de l'outil du robot B.

Vitesse du robot C = {F} pi√®ces/minute * ({C}/{D}) = {G} pi√®ces/minute.","2;None:[{G}] pi√®ces/minute;[{G}+-2.1] pi√®ces/minute;[{G}+-4.4] pi√®ces/minute;[{G}+-6.6] pi√®ces/minute","{A}<{B}:{C}<{D}"
"Un architecte cr√©e une maquette d'un b√¢timent. La maquette mesure {B} cm de hauteur. Si le b√¢timent r√©el mesure {C} m√®tres de haut, quelle est l'√©chelle utilis√©e ?","2:{A}*{B}/100;{C}*100","{A}:(10,500,1);{B}:(1,20,1)","√âtape 1: Convertir la hauteur r√©elle du b√¢timent en centim√®tres
Le b√¢timent r√©el mesure {C} m√®tres de haut. Sachant qu'un m√®tre √©quivaut √† 100 centim√®tres, la conversion est la suivante :

Hauteur r√©elle en centim√®tres = {C} m√®tres * 100 = {D} centim√®tres.

√âtape 2: Calculer l'√©chelle utilis√©e
L'√©chelle est le rapport entre la hauteur de la maquette et la hauteur r√©elle du b√¢timent. L'√©chelle est exprim√©e sous la forme d'un ratio de la maquette √† la r√©alit√©.

√âchelle = Hauteur de la maquette / Hauteur r√©elle
√âchelle = {B} cm / {D} cm

Pour simplifier, nous pouvons diviser les deux termes par {B} :

√âchelle = 1 / ({D} / {B})
√âchelle = 1 / {A}","0;None:1/[{A}];1/[{A}+-{B}];1/[{A}+-5];1/[{A}+-10]",""
"Un ing√©nieur doit convertir la longueur d'un pont mesurant {A} kilom√®tre en pieds pour un projet. Sachant qu'un pied mesure {B} cm, combien de pieds mesure le pont ?","1:{A}*100000;{C}/{B}","{A}:(1.0,10.0,0.1);{B}:(20.01,40.00,0.01)","√âtape 1: Convertir la longueur du pont de kilom√®tres en centim√®tres
{A} kilom√®tres = {A} * 100000 centim√®tres = {C} centim√®tres

√âtape 2: Convertir les centim√®tres en pieds
Sachant qu'un pied mesure {B} centim√®tres :

Nombre de pieds = {C} centim√®tres / {B} centim√®tres par pied

Nombre de pieds ‚âà {D} pieds","2;None:[{D}] Pieds;[{D}+-2.13] Pieds;[{D}+-4.52] Pieds;[{D}+-6.71] Pieds",""
"Un marathonien utilise {A}% de son √©nergie pour parcourir {B} kilom√®tres. Combien de kilom√®tres peut-il encore courir avant d'√™tre compl√®tement √©puis√© ?","2:100-{A};{C}*{B}/{A}","{A}:(5,20,1);{B}:(50,100,1)","Calcul de l'√©nergie utilis√©e pour {B} km :
√ânergie utilis√©e = {A}% de l'√©nergie totale

Calcul de l'√©nergie restante :
√ânergie restante = 100% - {A}% = {C}% de l'√©nergie totale

Calcul de la distance maximale restante :
Distance maximale restante = (√ânergie restante x {B} km / √ânergie utilis√©e pour {B} km
Distance maximale restante = ({C} x {B}) / {A} km = {D} km","2;None:[{D}] km;[{D}+-2.13] km;[{D}+-4.52] km;[{D}+-6.71] km",""
"Un agriculteur utilise un syst√®me d'irrigation pour arroser son champ. Il a fallu hm({E}) pour irriguer {F}% de la superficie du champ. Combien de temps faudra-t-il pour irriguer compl√®tement le champ ?","2:{E}/60;{G}*100/{F};{H}*60","{A}:(300,3600,60);{B}:(300,3600,60);{C}:(300,3600,60);{D}:(300,3600,60);{E}:(1800,7200,300);{F}:(10,80,5)","hm({E}) = {G} minutes

Il faut {G} min pour irriger {F} % du champ alors il faudra pour irriger les [100-{F}]% restant :

{G} x 100 / {F} = {H} minutes = hm({I})","0;Round:hm([{I}]);hm([{I}+-{A}]);hm([{I}+-{B}]);hm([{I}+-{C}]);hm([{I}+-{D}])","{A}!={B}!={C}!={D}"
"Un bateau √† moteur a navigu√© √† une vitesse de {D} km/h pendant hm({E}). Quelle distance a-t-il parcouru ?","2:{D}*{E}/3600","{A}:(20,100,5);{B}:(20,100,1);{C}:(20,100,2);{D}:(300,500,10);{E}:(1800,10800,360)","Calculer la distance parcourue en utilisant la vitesse et le temps : {D} km/h * [{E}/3600] = {F} kilom√®tres.","0;None:[{F}] km;[{F}+-{A}] km;[{F}+-{B}] km;[{F}+-{C}] km","{A}!={B}!={C}!={D}"
"üö® Dans le club d'athl√©tisme 'Athl√© 2000', sur un total de [{F}+{G}] athl√®tes, {F} pratiquent le saut en hauteur, {G} pratiquent le saut en longueur, {H} pratiquent √† la fois le saut en hauteur et le saut en longueur.
Combien d'athl√®tes ne pratiquent que le saut en longueur ?","0:{G}-{H}","{A}:(4,10,1);{B}:(4,10,1);{C}:(4,10,1);{D}:(4,10,1);{E}:(60,100,1);{F}:(10,30,1);{G}:(10,30,1);{H}:(4,20,1)","{G} personnes pratiquent le saut en longueur, ici on parle bien de la totatit√© des personnes sur les {E}.
Il faut donc faire {G}-{H}","0;None:[{I}] athl√®tes;[{I}+-{C}] athl√®tes;[{G}+{H}] athl√®tes;[{I}+-{A}] athl√®tes;[{I}+-{B}] athl√®tes","{G}>{H}:{A}!={B}"
"Dans le club d'athl√©tisme 'Athl√© 2000', sur un total de [{F}+{G}] athl√®tes, {F} pratiquent le saut en hauteur, {G} pratiquent le saut en longueur, {H} pratiquent √† la fois le saut en hauteur et le saut en longueur.
Combien d'athl√®tes ne pratiquent que le saut en hauteur ?","0:{F}-{H}","{A}:(4,10,1);{B}:(4,10,1);{C}:(4,10,1);{D}:(4,10,1);{E}:(60,100,1);{F}:(10,30,1);{G}:(10,30,1);{H}:(4,20,1)","{G} personnes pratiquent le saut en longueur, ici on parle bien de la totatit√© des personnes sur les [{F}+{G}].
Il faut donc faire {F}-{H}","0;None:[{I}] athl√®tes;[{I}+-{C}] athl√®tes;[{F}+{H}] athl√®tes;[{I}+-{A}] athl√®tes;[{I}+-{B}] athl√®tes","{H}>{H}:{A}!={B}"
"üö® J'ach√®te un lecteur MP3 √† {E} ‚Ç¨, j'ai {F}% de remise.
Je paye donc :","0:{E}*(1-({F}/100))","{A}:(2,15,1);{B}:(2,15,1);{C}:(2,15,1);{D}:(2,15,1);{E}:(100,250,10);{F}:(5,50,5)","{E} x [1-{F}/100] = {G}","0;None:[{G}] ‚Ç¨;[{G}+-{A}] ‚Ç¨;[{G}+-{B}] ‚Ç¨;[{G}+-{C}] ‚Ç¨;[{G}+-{D}] ‚Ç¨","{A}!={B}!={C}"
"üö® Un chauffeur de la soci√©t√© 'Douces Pommes' prend un chargement de {E} kilos de pommes. Il en livre {F} kilos √† M. Lebrun, {G} kilos √† M. Dupuit et {H} kilos √† Mme Lemoine. Avant de continuer sa tourn√©e, il retourne √† la soci√©t√© et prend un autre chargement de {I} kilos de pommes.
Quel est le nouveau poids de son chargement en pommes ?","0:{F}+{G}+{H};{E}-{J};{K}+{I}","{A}:(2,15,1);{B}:(2,15,1);{C}:(2,15,1);{D}:(2,15,1);{E}:(800,1000,50);{F}:(100,200,10);{G}:(40,200,10);{H}:(100,200,10);{I}:(200,400,5)","1. Poids initial du chargement :
   Le chauffeur commence avec {E} kg.

2. Pommes livr√©es :
   - M. Lebrun : {F} kg
   - M. Dupuit : {G} kg
   - Mme Lemoine : {H} kg
   Total des pommes livr√©es :
   {F} + {G} + {H} = {J} kg

3. Poids restant apr√®s les livraisons :
   {E} - {J} = {K} kg

4. Ajout d'un nouveau chargement :
   Le chauffeur prend {I} kg suppl√©mentaires.
   Poids total du chargement :
   {K} + {I} = {L} kg","0;None:[{L}] Kg;[{L}+-{A}] Kg;[{L}+-{B}] Kg;[{L}+-{C}] Kg;[{L}+-{D}] Kg","{A}!={B}!={C}"
"üö® Pour faire une photo lors d'un mariage, le photographe doit installer {E} personnes sur une estrade de {F} rang√©es.
Le nombre de personnes par rang√©e sera :","0:{E}/{F}","{A}:(2,15,1);{B}:(2,15,1);{C}:(2,15,1);{D}:(2,15,1);{E}:(50,200,10);{F}:(5,10,5)","1. Nombre total de personnes :
   Le photographe doit installer {E} personnes.

2. Nombre de rang√©es :
   L'estrade comporte {F} rang√©es.

3. Calcul du nombre de personnes par rang√©e :
   Nombre total de personnes √∑ Nombre de rang√©es :
   {E} √∑ {F} = {F}

R√©sultat : Il y aura {F} personnes par rang√©e.","0;None:[{G}] personnes;[{G}+-{A}] personnes;[{G}+-{B}] personnes;[{G}+-{C}] personnes;[{G}+-{D}] personnes","{A}!={B}!={C}"
"üö® Un navire arrive √† proximit√© d'un port √† hm({E}). Il met hm({F}) pour arriver √† quai. Son amarrage dure hm({G}).
Les passagers pourront sortir du bateau √†:","0:{E}+{F};{H}+{G}","{A}:(300,1800,300);{B}:(300,1800,300);{C}:(300,1800,300);{D}:(600,3600,300);{E}:(43200,57600,300);{F}:(600,3300,300);{G}:(600,3300,300)","1. Heure d'arriv√©e √† proximit√© du port :
   Le navire arrive √† hm({E})

2. Temps pour arriver √† quai :
   Il met hm({F}) minutes pour atteindre le quai.
   Heure d'arriv√©e √† quai :
   hm({E}) + hm({F}) = hm({H})

3. Temps pour l'amarrage :
   L'amarrage dure hm({G}) minutes.
   Heure de fin d'amarrage :
   hm({H}) + hm({G}) = hm({I})","0;Round:hm([{I}]);hm([{I}+-{A}]);hm([{I}+-{B}]);hm([{I}+-{C}]);hm([{I}+-{D}])","{A}!={B}!={C}:{F}!={G}"
"üö® {E} kilos de caf√© d√©caffin√© KfE-D-Kf' de la marque Hin√© coutent {F} pesos colombiens en Colombie, {G} m√©ticals au Mozambique et {H} bahts en Thatlande.
Combien co√ªte un kilo de caf√© 'Kfe-D-Kf√©' en Thailande ?","0:{H}/{E}","{A}:(1,10,1);{B}:(1,10,1);{C}:(1,10,1);{D}:(1,10,1);{E}:(30,50,5);{F}:(500,1000,100);{G}:(300,500,50);{H}:(400,600,5)","Calcul du prix par kilo :
  {H} √∑ {E} = {I}","0;None:[{I}] baths;[{I}+-{A}] baths;[{I}+-{B}] baths;[{I}+-{C}] baths;[{I}+-{D}] baths","{A}!={B}!={C}"
"üö® {E} mineurs peuvent creuser une galerie en {F} jours.
Combien faudra-t-il de mineurs pour creuser la m√™me galerie en une demi-journ√©e ?","1:{E}*{F};{G}*2","{A}:(1,10,1);{B}:(1,10,1);{C}:(1,10,1);{D}:(1,10,1);{E}:(3,7,1);{F}:(4,7,1)","Calcul du travail total en mineur-jours :
  {E} mineurs √ó {F} jours = {G} mineur-jours

Nombre de mineurs n√©cessaires pour faire le m√™me travail en 0,5 jour :
  {G} √∑ 0.5 = {H}","0;None:[{H}] mineur(s);[{H}+-{A}] mineur(s);[{H}+-{B}] mineur(s);[{H}+-{C}] mineur(s);[{H}+-{D}] mineur(s)","{A}!={B}!={C}"
"üö® Combien co√ªtent {E} ananas, sachant qu'on en obtient deux pour {F} euros?","2:{F}/2;{E}*{G}","{A}:(1.0,10.0,0.5);{B}:(1.0,10.0,0.5);{C}:(1.0,10.0,0.5);{D}:(1.0,10.0,0.5);{E}:(20,40,5);{F}:(2.00,7.00,0.50)","Calcul du prix d'un ananas :
  {F} √∑ 2 = {G} ‚Ç¨

Calcul du prix pour {E} ananas :
  {E} √ó {G} = {H} ‚Ç¨","0;None:[{H}] ‚Ç¨;[{H}+-{A}] ‚Ç¨;[{H}+-{B}] ‚Ç¨;[{H}+-{C}] ‚Ç¨;[{H}+-{D}] ‚Ç¨","{A}!={B}!={C}"
"üö® Un hangar √† avions, de forme carr√©e, aurait une surface de {G} m2 si chacun de ses c√¥t√©s avait {F} m de plus.
Quelle est la longueur actuelle d'un c√¥t√© du hangar ?","0:({E}+{F})*({E}+{F});{F}*{F};2*{F};{G}-{H}","{A}:(2,14,2);{B}:(2,14,2);{C}:(2,14,2);{D}:(2,14,2);{E}:(20,40,2);{F}:(2,10,1)","√âquation :
  Augmentation de surface : S2 - S1 = {G}
  (x + {F})¬≤ = {G}

D√©veloppement :
  x + {F} = ‚àö{G}
  x + {F} = [{E}+{F}]
  x = [{E}+{F}] - {F}
  x = {E}","0;None:[{E}] m;[{E}+-{A}] m;[{E}+-{B}] m;[{E}+-{C}] m;[{E}+-{D}] m","{A}!={B}!={C}"
"üö® Dans une propri√©t√© priv√©e, on d√©nombre {E} ch√™nes et {F} charmes. Le propri√©taire d√©cide de couper {G} % des ch√™nes et {H}% des charmes.
Combien d'arbres en tout seront abattus ?","1:{G}*{E}/100;{H}*{F}/100;{I}+{J}","{A}:(10,100,10);{B}:(10,100,10);{C}:(10,100,10);{D}:(10,100,10);{E}:(700,1000,100);{F}:(300,500,100);{G}:(10,40,10);{H}:(10,40,10)","Calcul des ch√™nes abattus :
  {G}% de {E} = ({G} √∑ 100) √ó {E} = {I}

Calcul des charmes abattus :
  {H}% de {F} = ({H} √∑ 100) √ó {F} = {J}

Calcul du total d'arbres abattus :
  {I} + {J} = {K} arbres","0;None:[{K}] arbres;[{K}+-{A}] arbres;[{K}+-{B}] arbres;[{K}+-{C}] arbres;[{K}+-{D}] arbres","{A}!={B}!={C}"
"üö® Un boulanger utilise quotidiennement {E} sacs de farine pour produire {F} baguettes.
Sachant qu'un sac de farine p√®se {G} kilos, quel est le poids total de farine utilis√© quotidiennement ?","1:{E}*{G}","{A}:(5,50,5);{B}:(5,50,5);{C}:(5,50,5);{D}:(5,50,5);{E}:(35,60,5);{F}:(300,1500,100);{G}:(10,40,5)","Calcul du poids total de farine utilis√© quotidiennement :
  {E} sacs √ó {G} kg/sac = {H} kg","0;None:[{H}] kg;[{H}+-{A}] kg;[{H}+-{B}] kg;[{H}+-{C}] kg;[{H}+-{D}] kg","{A}!={B}!={C}"
"üö® {E} √©l√®ves ont pass√© un examen, {H}% d'entre eux l'ont r√©ussi.
Le nombre d'√©l√®ves ayant √©chou√© est de :","2:{E}-{F};{G}*100/{E}","{A}:(5,25,1);{B}:(5,25,1);{C}:(5,25,1);{D}:(5,25,1);{E}:(100,150,1);{F}:(30,95,1)","Calcul du nombre d'√©l√®ves ayant √©chou√© :
  ((100 - {H}) √∑ 100) √ó {E} = {F}","0;None:[{F}] √©l√®ves;[{F}+-{A}] √©l√®ves;[{F}+-{B}] √©l√®ves;[{F}+-{C}] √©l√®ves;[{F}+-{D}] √©l√®ves","{A}!={B}!={C}"
"üö® Un client de la librairie 'Polarscope' paye {E} romans policiers {F} euros.
Combien valent {G} romans policiers ?","2:{F}/{E};{G}*{H}","{A}:(5,10,0.1);{B}:(5,10,0.1);{C}:(5,10,0.1);{D}:(5,10,0.1);{E}:(20,45,5);{F}:(50,150,10);{G}:(5,15,1)","Calcul du prix d'un roman :
  {F} √∑ {E} = {H} ‚Ç¨

Calcul du prix pour {G} romans :
  {G} √ó {H} = {I} ‚Ç¨","1;None:[{I}] ‚Ç¨;[{I}+-{A}] ‚Ç¨;[{I}+-{B}] ‚Ç¨;[{I}+-{C}] ‚Ç¨;[{I}+-{D}] ‚Ç¨","{A}!={B}!={C}"
"üö® Dans une propri√©t√© priv√©e, on d√©nombre {E} ch√™nes et {F} charmes. Le propri√©taire d√©cide de couper {G}% des ch√™nes et {H}% des charmes.
Combien de ch√™nes restera-t-il sur la propri√©t√© ?","1:{G}*{E}/100;{E}-{I}","{A}:(10,100,10);{B}:(10,100,10);{C}:(10,100,10);{D}:(10,100,10);{E}:(500,1000,100);{F}:(500,1000,100);{G}:(10,80,10);{H}:(10,80,10)","Calcul des ch√™nes abattus :
  {G}% de {E} = ({G} √∑ 100) √ó {E} = {I}

Calcul du nombre de ch√™nes restants :
  {E} - {I} = {J}","0;None:[{J}] ch√™nes;[{J}+-{A}] ch√™nes;[{J}+-{B}] ch√™nes;[{J}+-{C}] ch√™nes;[{J}+-{D}] ch√™nes","{A}!={B}!={C}:{G}!={H}:{E}!={F}"
"Dans une propri√©t√© priv√©e, on d√©nombre {E} ch√™nes et {F} charmes. Le propri√©taire d√©cide de couper {G}% des ch√™nes et {H}% des charmes.
Combien de charmes restera-t-il sur la propri√©t√© ?","1:{F}*{H}/100;{F}-{I} ","{A}:(10,100,10);{B}:(10,100,10);{C}:(10,100,10);{D}:(10,100,10);{E}:(500,1000,100);{F}:(500,1000,100);{G}:(10,80,10);{H}:(10,80,10) ","Calcul des charmes abattus :
  {H}% de {F} = ({H} √∑ 100) √ó {F} = {I}

Calcul du nombre de charmes restants :
  {F} - {I} = {J} ","0;None:[{J}] charmes;[{J}+-{A}] charmes;[{J}+-{B}] charmes;[{J}+-{C}] charmes;[{J}+-{D}] charmes ","{A}!={B}!={C}:{G}!={H}:{E}!={F}"
"üö® Six personnes ont obtenu √† un examen les notes suivantes :
Marie : {E} ; Catherine : {F} ; Odile : {G} 
Laurence : {H} ; Val√©rie : {I} ; Adeline : {J}
Quel est le pourcentage de points obtenu par Adeline par rapport √† Marie ?","2:({J}/{E})*100","{A}:(5,20,0.01);{B}:(5,20,0.01);{C}:(5,20,0.01);{D}:(5,20,0.01);{E}:(5,40,1);{F}:(5,40,1);{G}:(5,40,1);{H}:(5,40,1);{I}:(5,40,1);{J}:(5,40,1)","Calcul du pourcentage de points obtenus par Adeline par rapport √† Marie :
  ({J} √∑ {E}) √ó 100 = {K}%","2;None:[{K}] %;[{K}+-{A}] %;[{K}+-{B}] %;[{K}+-{C}] %;[{K}+-{D}] %"," {A}!={B}!={C}"
"Six personnes ont obtenu √† un examen les notes suivantes :
Marie : {E} ; Catherine : {F} ; Odile : {G} 
Laurence : {H} ; Val√©rie : {I} ; Adeline : {J}
Quel est le pourcentage de points obtenu par Odile par rapport √† Catherine ?","2:({G}/{F})*100","{A}:(5,20,0.01);{B}:(5,20,0.01);{C}:(5,20,0.01);{D}:(5,20,0.01);{E}:(5,40,1);{F}:(5,40,1);{G}:(5,40,1);{H}:(5,40,1);{I}:(5,40,1);{J}:(5,40,1)","Calcul du pourcentage de points obtenus par Odile par rapport √† Catherine :
  ({G} √∑ {F}) √ó 100 = {K}%","2;None:[{K}] %;[{K}+-{A}] %;[{K}+-{B}] %;[{K}+-{C}] %;[{K}+-{D}] %"," {A}!={B}!={C}"
"Six personnes ont obtenu √† un examen les notes suivantes :
Marie : {E} ; Catherine : {F} ; Odile : {G} 
Laurence : {H} ; Val√©rie : {I} ; Adeline : {J}
Quel est le pourcentage de points obtenu par Val√©rie par rapport √† Laurence ?","2:({I}/{H})*100","{A}:(5,20,0.01);{B}:(5,20,0.01);{C}:(5,20,0.01);{D}:(5,20,0.01);{E}:(5,40,1);{F}:(5,40,1);{G}:(5,40,1);{H}:(5,40,1);{I}:(5,40,1);{J}:(5,40,1)","Calcul du pourcentage de points obtenus par Val√©rie par rapport √† Laurence :
  ({I} √∑ {H}) √ó 100 = {K}%","2;None:[{K}] %;[{K}+-{A}] %;[{K}+-{B}] %;[{K}+-{C}] %;[{K}+-{D}] %"," {A}!={B}!={C}"
"Six personnes ont obtenu √† un examen les notes suivantes :
Marie : {E} ; Catherine : {F} ; Odile : {G} 
Laurence : {H} ; Val√©rie : {I} ; Adeline : {J}
Quel est le pourcentage de points obtenu par Odile par rapport √† Laurence ?","2:({G}/{H})*100","{A}:(5,20,0.01);{B}:(5,20,0.01);{C}:(5,20,0.01);{D}:(5,20,0.01);{E}:(5,40,1);{F}:(5,40,1);{G}:(5,40,1);{H}:(5,40,1);{I}:(5,40,1);{J}:(5,40,1)","Calcul du pourcentage de points obtenus par Odile par rapport √† Laurence :
  ({G} √∑ {H}) √ó 100 = {K}%","2;None:[{K}] %;[{K}+-{A}] %;[{K}+-{B}] %;[{K}+-{C}] %;[{K}+-{D}] %"," {A}!={B}!={C}"
"üö® Pendant les soldes d'√©t√©, une table de salon de jardin r√©duite de {E}% de son prix initial, co√ªte {F} ‚Ç¨.
Quel √©tait son prix initial ?","2:{F}/((100-{E})/100)","{A}:(5,20,0.01);{B}:(5,20,0.01);{C}:(5,20,0.01);{D}:(5,20,0.01);{E}:(5,40,5);{F}:(50,100,1)","√âquation :
  [100-{E}]% de P = {F}
  ([100-{E}] √∑ 100) √ó P = {F}
  [(100-{E})/100] √ó P = {F}

R√©solution :
  P = {F} √∑ [(100-{E})/100]
  P = {G} ‚Ç¨","2;None:[{G}] ‚Ç¨;[{G}+-{A}] ‚Ç¨;[{G}+-{B}] ‚Ç¨;[{G}+-{C}] ‚Ç¨;[{G}+-{D}] ‚Ç¨"," {A}!={B}!={C}"
"üö® Deux nombres A et B (A √©tant la plus petite valeur) se situent entre 5 et 20; leur somme est √©gale √† {G} et leur produit √† {H}.
Quelle est la valeur de B ?","2:{E}+{F};{E}*{F};{G}*{G};4*{H};{I}-{J}","{A}:(1,4,1);{B}:(1,4,1);{C}:(1,4,1);{D}:(1,4,1);{E}:(5,20,1);{F}:(5,20,1)","1. A + B = {G}
2. A √ó B = {H}

R√©solution :
- Exprimons B en fonction de A : B = {G} - A
- Rempla√ßons dans la deuxi√®me √©quation :
  A √ó ({G} - A) = {H}
  {G}A - A¬≤ = {H}
  A¬≤ - {G}A + {H} = 0

R√©solvons l'√©quation quadratique :
  Œî = (-{G})¬≤ - 4 √ó 1 √ó {H}
  Œî = {I} - {J}
  Œî = {K}

Racines :
  A  = ({G} - ‚àö{K}) / 2 = ({G} - [{G}-({E}*2)]) / 2 = [{E}*2] / 2 = {E}
  B  = ({G} + ‚àö{K}) / 2 = ({G} + [{G}-({E}*2)]) / 2 = [{F}*2] / 2 = {F}

Comme A est la plus petite valeur, on prend A = {E}.
Donc, B = {G} - {A} = {F}.","0;None:[{F}];[{F}+-{A}];[{F}+-{B}];[{F}+-{C}]"," {A}!={B}!={C}:{E}<{F}"
"üö® La vitesse par rapport au sol d'un avion volant avec fort vent debout est √©gale aux {E}/{F} de sa vitesse de croisi√®re normale, moins {G} km/h. La vitesse perdue par rapport au sol, √† cause du vent, est √©gale aux {H}/{I} de la vitesse de croisi√®re normale, moins {G} km/h.
Quelle est sa vitesse de croisi√®re normale ?","2:{F}*{I};{G}+{G};({H}*{F})-({I}*({F}-{E}));{K}*{J}/{L}","{A}:(10,50,1);{B}:(10,50,1);{C}:(10,50,1);{D}:(10,50,1);{E}:(1,10,1);{F}:(1,10,1);{G}:(5,40,5);{H}:(1,10,1);{I}:(1,10,1)","√âquation 1 : 
  Vitesse au sol avec vent debout :
  ({E}/{F}) V - {G}

√âquation 2 :
  Vitesse perdue √† cause du vent :
  ({H}/{I}) V - {G}

On sait que :
  Vitesse perdue = Vitesse de croisi√®re - Vitesse au sol avec vent debout

Donc :
  ({H}/{I}) V - {G} = V - [({E}/{F}) V - {G}]

D√©veloppons :
  ({H}/{I}) V - {G} = V - ({E}/{F}) V + {G}
  ({H}/{I}) V - {G} = ([{F}-{E}]/{F}) V + {G}
  ({H}/{I}) V - ([{F}-{E}]/{F}) V = {G} + {G}
  ([{H}*{F}]/{J}) V - ([{I}*({F}-{E})]/{J}) V = {K}
  ({L}/{J}) V = {K}

R√©solvons pour V :
  V = {K} √ó {J} / {L}
  V = {M}","0;None:[{M}];[{M}+-{A}];[{M}+-{B}];[{M}+-{C}];[{M}+-{D}]"," {A}!={B}!={C}:{E}<{F}:{H}<{I}"
"üö® A et B ensemble peuvent installer tous les signaux d'avertissement sur une piste en {E} min.
Sachant que A seul peut les installer en {F} min, combien de temps mettrait B pour les installer seul ?","1:{F}-{E};{F}*{E};{H}/{G}","{A}:(4,15,1);{B}:(4,15,1);{C}:(4,15,1);{D}:(4,15,1);{E}:(12,25,1);{F}:(30,50,5)","D√©finition des vitesses de travail :
- Vitesse de A seul : 1 installation en {F} min ‚Üí 1/{F} de l‚Äôinstallation par minute.
- Vitesse de A et B ensemble : 1 installation en {E} min ‚Üí 1/{E} de l‚Äôinstallation par minute.
- Vitesse de B seul : 1/x de l‚Äôinstallation par minute.

√âquation :
  Travail de A + Travail de B = Travail ensemble
  (1/{F}) + (1/x) = (1/{E})

R√©solution :
  (1/x) = (1/{E}) - (1/{F})
  (1/x) = ({F} - {E}) / ({F} √ó {E})
  (1/x) = {G} / {H}
  (1/x) = 1 / {I}

Donc :
  x = {I}","0;None:[{I}] min;[{I}+-{A}] min;[{I}+-{B}];[{I}+-{C}] min;[{I}+-{D}] min"," {A}!={B}!={C}"